INSERT INTO DEPARTMENT VALUES('D0', 'Sistemas', NULL);
INSERT INTO DEPARTMENT VALUES('D1', 'Administracion', NULL);
INSERT INTO DEPARTMENT VALUES('D2', 'Contable', NULL);
INSERT INTO DEPARTMENT VALUES('D3', 'Marketing', NULL);
INSERT INTO DEPARTMENT VALUES('D4', 'Soporte', NULL);
INSERT INTO DEPARTMENT VALUES('D5', 'Recursos Humanos', NULL);
INSERT INTO DEPARTMENT VALUES('D6', 'Mantenimiento', NULL);
INSERT INTO DEPARTMENT VALUES('D7', 'Produccion', NULL);
INSERT INTO DEPARTMENT VALUES('D8', 'Ventas', NULL);
INSERT INTO DEPARTMENT VALUES('D9', 'Juridico', NULL);
INSERT INTO DEPARTMENT VALUES('D10', 'Financiero', NULL);
INSERT INTO DEPARTMENT VALUES('D11', 'Comercial', NULL);
INSERT INTO DEPARTMENT VALUES('D12', 'Logistica', NULL);
INSERT INTO DEPARTMENT VALUES('D13', 'Control y gestión', NULL);
INSERT INTO DEPARTMENT VALUES('D14', 'Compras', NULL);
INSERT INTO DEPARTMENT VALUES('D15', 'General', NULL);
INSERT INTO DEPARTMENT VALUES('D16', 'Almacen', NULL);
INSERT INTO DEPARTMENT VALUES('D17', 'Internacional', NULL);
INSERT INTO DEPARTMENT VALUES('D18', 'Calidad', NULL);
INSERT INTO DEPARTMENT VALUES('D19', 'Inventario', NULL);
INSERT INTO EMPLOYEE VALUES('E-0', 'Jesús', 'Polo', 'Transversal 13 - Autopista 12', '24/6/1990', 'M', 'Jefe', 'D0');
INSERT INTO EMPLOYEE VALUES('E-1', 'Baltasar', 'Cardona', 'Diagonal 16 - Piso 26', '21/8/1985', 'M', 'Jefe', 'D1');
INSERT INTO EMPLOYEE VALUES('E-2', 'Bartolome', 'Cardoso', 'Avenida 26 - Autopista 4', '24/5/1969', 'F', 'Jefe', 'D2');
INSERT INTO EMPLOYEE VALUES('E-3', 'Bartolomé', 'Hurtado', 'Transversal 20 - Calle 30', '28/5/1966', 'M', 'Jefe', 'D3');
INSERT INTO EMPLOYEE VALUES('E-4', 'David', 'Gomez', 'Carrera 20 - Bis 28', '20/11/1975', 'F', 'Jefe', 'D4');
INSERT INTO EMPLOYEE VALUES('E-5', 'Valentina', 'Cardenas', 'Carrera 26 - Bis 5', '10/11/1985', 'F', 'Jefe', 'D5');
INSERT INTO EMPLOYEE VALUES('E-6', 'Carlos', 'Cortes', 'Diagonal 27 - Piso 30', '25/5/1969', 'M', 'Jefe', 'D6');
INSERT INTO EMPLOYEE VALUES('E-7', 'Andrea', 'Cardoso', 'Transversal 15 - Piso 7', '8/5/1990', 'M', 'Jefe', 'D7');
INSERT INTO EMPLOYEE VALUES('E-8', 'Carlos', 'Carillo', 'Transversal 10 - Autopista 1', '22/4/2003', 'F', 'Jefe', 'D8');
INSERT INTO EMPLOYEE VALUES('E-9', 'Andrea', 'Garcia', 'Carrera 4 - Bis 19', '11/8/1955', 'F', 'Jefe', 'D9');
INSERT INTO EMPLOYEE VALUES('E-10', 'David', 'Cortes', 'Carrera 26 - Piso 19', '20/3/1970', 'F', 'Jefe', 'D10');
INSERT INTO EMPLOYEE VALUES('E-11', 'Carolina', 'Polo', 'Carrera 28 - Autopista 2', '23/11/1960', 'M', 'Jefe', 'D11');
INSERT INTO EMPLOYEE VALUES('E-12', 'Striven', 'Ordoñez', 'Avenida 25 - Bis 13', '12/2/1954', 'F', 'Jefe', 'D12');
INSERT INTO EMPLOYEE VALUES('E-13', 'Camila', 'Ortiz', 'Transversal 4 - Piso 6', '9/11/1980', 'M', 'Jefe', 'D13');
INSERT INTO EMPLOYEE VALUES('E-14', 'Bartolomé', 'Cardenas', 'Avenida 30 - Autopista 29', '24/7/1951', 'M', 'Jefe', 'D14');
INSERT INTO EMPLOYEE VALUES('E-15', 'Jesús', 'Arboleda', 'Transversal 28 - Piso 1', '11/11/1982', 'M', 'Jefe', 'D15');
INSERT INTO EMPLOYEE VALUES('E-16', 'Carolina', 'Cardoso', 'Transversal 20 - Autopista 5', '28/8/1999', 'F', 'Jefe', 'D16');
INSERT INTO EMPLOYEE VALUES('E-17', 'David', 'Arboleda', 'Carrera 18 - Autopista 7', '5/7/1995', 'F', 'Jefe', 'D17');
INSERT INTO EMPLOYEE VALUES('E-18', 'Jesús', 'Ortiz', 'Diagonal 2 - Bis 23', '9/1/1997', 'F', 'Jefe', 'D18');
INSERT INTO EMPLOYEE VALUES('E-19', 'Isabella', 'Cardoso', 'Diagonal 15 - Autopista 5', '22/4/1958', 'M', 'Jefe', 'D19');
INSERT INTO EMPLOYEE VALUES('E-20', 'Bartolomé', 'Castaño', 'Avenida 26 - Piso 24', '12/11/1952', 'F', 'De planta', 'D2');
INSERT INTO EMPLOYEE VALUES('E-21', 'Daniela', 'Gomez', 'Diagonal 7 - Autopista 1', '4/2/1968', 'F', 'De planta', 'D8');
INSERT INTO EMPLOYEE VALUES('E-22', 'Lorena', 'Hurtado', 'Transversal 16 - Autopista 17', '1/8/1976', 'F', 'Operario', 'D3');
INSERT INTO EMPLOYEE VALUES('E-23', 'Sebastian', 'Carillo', 'Carrera 22 - Autopista 7', '18/4/1995', 'M', 'Maquinario', 'D13');
INSERT INTO EMPLOYEE VALUES('E-24', 'Baltasar', 'Carillo', 'Avenida 21 - Bis 19', '22/9/1956', 'M', 'Supervisor', 'D3');
INSERT INTO EMPLOYEE VALUES('E-25', 'Laura', 'Castaño', 'Carrera 26 - Calle 4', '21/6/1954', 'M', 'Operario', 'D1');
INSERT INTO EMPLOYEE VALUES('E-26', 'Andrea', 'Carillo', 'Diagonal 21 - Bis 17', '6/6/1978', 'M', 'Operario', 'D17');
INSERT INTO EMPLOYEE VALUES('E-27', 'Isabella', 'Ortiz', 'Diagonal 5 - Bis 21', '23/3/1961', 'M', 'Supervisor', 'D5');
INSERT INTO EMPLOYEE VALUES('E-28', 'Baltasar', 'Garcia', 'Transversal 30 - Calle 30', '1/9/1982', 'F', 'De planta', 'D1');
INSERT INTO EMPLOYEE VALUES('E-29', 'Valentina', 'Hurtado', 'Avenida 4 - Piso 21', '13/1/1950', 'F', 'Operario', 'D1');
INSERT INTO EMPLOYEE VALUES('E-30', 'Carolina', 'Polo', 'Diagonal 14 - Autopista 2', '20/11/1955', 'M', 'Operario', 'D2');
INSERT INTO EMPLOYEE VALUES('E-31', 'Andrea', 'Cardona', 'Transversal 16 - Piso 4', '4/11/1990', 'F', 'Supervisor', 'D9');
INSERT INTO EMPLOYEE VALUES('E-32', 'Carolina', 'Castro', 'Carrera 15 - Bis 7', '12/5/1975', 'M', 'De planta', 'D6');
INSERT INTO EMPLOYEE VALUES('E-33', 'Camila', 'Cardenas', 'Diagonal 12 - Autopista 9', '24/6/1976', 'M', 'De planta', 'D16');
INSERT INTO EMPLOYEE VALUES('E-34', 'Striven', 'Cardona', 'Carrera 12 - Calle 27', '1/7/1992', 'M', 'De planta', 'D12');
INSERT INTO PJCT VALUES('PROJ-0', 'Importar', 'D11');
INSERT INTO PJCT VALUES('PROJ-1', 'Franquicias', 'D1');
INSERT INTO PJCT VALUES('PROJ-2', 'Exportar', 'D19');
INSERT INTO PJCT VALUES('PROJ-3', 'Importar', 'D3');
INSERT INTO PJCT VALUES('PROJ-4', 'Revision', 'D7');
INSERT INTO PJCT VALUES('PROJ-5', 'Exportar', 'D13');
INSERT INTO PJCT VALUES('PROJ-6', 'Expansion', 'D5');
INSERT INTO PJCT VALUES('PROJ-7', 'Expansion', 'D9');
INSERT INTO PJCT VALUES('PROJ-8', 'Importar', 'D14');
INSERT INTO PJCT VALUES('PROJ-9', 'Publicidad', 'D8');
INSERT INTO PJCT VALUES('PROJ-10', 'Exportar', 'D11');
INSERT INTO PJCT VALUES('PROJ-11', 'Publicidad', 'D4');
INSERT INTO PJCT VALUES('PROJ-12', 'Revision', 'D19');
INSERT INTO PJCT VALUES('PROJ-13', 'Publicidad', 'D1');
INSERT INTO PJCT VALUES('PROJ-14', 'Publicidad', 'D8');
INSERT INTO PJCT VALUES('PROJ-15', 'Exportar', 'D15');
INSERT INTO PJCT VALUES('PROJ-16', 'Revision', 'D4');
INSERT INTO PJCT VALUES('PROJ-17', 'Revision', 'D4');
INSERT INTO PJCT VALUES('PROJ-18', 'Exportar', 'D7');
INSERT INTO PJCT VALUES('PROJ-19', 'Revision', 'D3');
INSERT INTO PJCT VALUES('PROJ-20', 'Publicidad', 'D13');
INSERT INTO PJCT VALUES('PROJ-21', 'Publicidad', 'D5');
INSERT INTO PJCT VALUES('PROJ-22', 'Crecimiento', 'D17');
INSERT INTO PJCT VALUES('PROJ-23', 'Importar', 'D5');
INSERT INTO PJCT VALUES('PROJ-24', 'Franquicias', 'D8');
INSERT INTO PJCT VALUES('PROJ-25', 'Expansion', 'D11');
INSERT INTO PJCT VALUES('PROJ-26', 'Crecimiento', 'D18');
INSERT INTO PJCT VALUES('PROJ-27', 'Migrar', 'D16');
INSERT INTO PJCT VALUES('PROJ-28', 'Franquicias', 'D4');
INSERT INTO PJCT VALUES('PROJ-29', 'Revision', 'D14');
INSERT INTO PJCT VALUES('PROJ-30', 'Importar', 'D10');
INSERT INTO PJCT VALUES('PROJ-31', 'Expansion', 'D6');
INSERT INTO PJCT VALUES('PROJ-32', 'Crecimiento', 'D1');
INSERT INTO PJCT VALUES('PROJ-33', 'Publicidad', 'D8');
INSERT INTO PJCT VALUES('PROJ-34', 'Franquicias', 'D5');
INSERT INTO WORKSON VALUES('E-14', 'PROJ-0', '9/10/2012', '74');
INSERT INTO WORKSON VALUES('E-6', 'PROJ-1', '11/7/2016', '100');
INSERT INTO WORKSON VALUES('E-12', 'PROJ-2', '23/3/2018', '83');
INSERT INTO WORKSON VALUES('E-17', 'PROJ-3', '12/9/2011', '112');
INSERT INTO WORKSON VALUES('E-10', 'PROJ-4', '21/9/2011', '5');
INSERT INTO WORKSON VALUES('E-10', 'PROJ-5', '6/5/2013', '117');
INSERT INTO WORKSON VALUES('E-5', 'PROJ-6', '14/4/2013', '149');
INSERT INTO WORKSON VALUES('E-13', 'PROJ-7', '17/11/2013', '93');
INSERT INTO WORKSON VALUES('E-6', 'PROJ-8', '12/1/2019', '60');
INSERT INTO WORKSON VALUES('E-4', 'PROJ-9', '25/1/2014', '14');
INSERT INTO WORKSON VALUES('E-3', 'PROJ-10', '9/8/2019', '22');
INSERT INTO WORKSON VALUES('E-16', 'PROJ-11', '17/9/2019', '140');
INSERT INTO WORKSON VALUES('E-4', 'PROJ-12', '21/9/2011', '104');
INSERT INTO WORKSON VALUES('E-18', 'PROJ-13', '12/4/2019', '85');
INSERT INTO WORKSON VALUES('E-2', 'PROJ-14', '11/6/2015', '150');
INSERT INTO WORKSON VALUES('E-18', 'PROJ-15', '2/7/2017', '87');
INSERT INTO WORKSON VALUES('E-5', 'PROJ-16', '26/9/2012', '79');
INSERT INTO WORKSON VALUES('E-4', 'PROJ-17', '25/9/2017', '125');
INSERT INTO WORKSON VALUES('E-6', 'PROJ-18', '26/7/2014', '68');
INSERT INTO WORKSON VALUES('E-6', 'PROJ-19', '2/4/2019', '56');
INSERT INTO WORKSON VALUES('E-15', 'PROJ-20', '8/4/2014', '65');
INSERT INTO WORKSON VALUES('E-16', 'PROJ-21', '18/5/2013', '98');
INSERT INTO WORKSON VALUES('E-12', 'PROJ-22', '12/1/2020', '74');
INSERT INTO WORKSON VALUES('E-17', 'PROJ-23', '26/1/2011', '129');
INSERT INTO WORKSON VALUES('E-15', 'PROJ-24', '27/8/2016', '147');
INSERT INTO WORKSON VALUES('E-13', 'PROJ-25', '7/4/2015', '27');
INSERT INTO WORKSON VALUES('E-13', 'PROJ-26', '8/2/2014', '72');
INSERT INTO WORKSON VALUES('E-7', 'PROJ-27', '11/10/2018', '49');
INSERT INTO WORKSON VALUES('E-12', 'PROJ-28', '26/10/2013', '48');
INSERT INTO WORKSON VALUES('E-4', 'PROJ-29', '21/5/2014', '117');
INSERT INTO WORKSON VALUES('E-2', 'PROJ-30', '16/2/2011', '147');
INSERT INTO WORKSON VALUES('E-15', 'PROJ-31', '8/9/2016', '68');
INSERT INTO WORKSON VALUES('E-18', 'PROJ-32', '1/6/2016', '71');
INSERT INTO WORKSON VALUES('E-2', 'PROJ-33', '26/8/2020', '112');
INSERT INTO WORKSON VALUES('E-15', 'PROJ-34', '27/7/2017', '102');

UPDATE DEPARTMENT 
SET mgrEmpNo = 'E-0'
WHERE deptNo = 'D0';

UPDATE DEPARTMENT 
SET mgrEmpNo = 'E-1'
WHERE deptNo = 'D1';

UPDATE DEPARTMENT 
SET mgrEmpNo = 'E-2'
WHERE deptNo = 'D2';

UPDATE DEPARTMENT 
SET mgrEmpNo = 'E-3'
WHERE deptNo = 'D3';

UPDATE DEPARTMENT 
SET mgrEmpNo = 'E-4'
WHERE deptNo = 'D4';

UPDATE DEPARTMENT 
SET mgrEmpNo = 'E-5'
WHERE deptNo = 'D5';

UPDATE DEPARTMENT 
SET mgrEmpNo = 'E-6'
WHERE deptNo = 'D6';

UPDATE DEPARTMENT 
SET mgrEmpNo = 'E-7'
WHERE deptNo = 'D7';

UPDATE DEPARTMENT 
SET mgrEmpNo = 'E-8'
WHERE deptNo = 'D8';

UPDATE DEPARTMENT 
SET mgrEmpNo = 'E-9'
WHERE deptNo = 'D9';

UPDATE DEPARTMENT 
SET mgrEmpNo = 'E-10'
WHERE deptNo = 'D10';

UPDATE DEPARTMENT 
SET mgrEmpNo = 'E-11'
WHERE deptNo = 'D11';

UPDATE DEPARTMENT 
SET mgrEmpNo = 'E-12'
WHERE deptNo = 'D12';

UPDATE DEPARTMENT 
SET mgrEmpNo = 'E-13'
WHERE deptNo = 'D13';

UPDATE DEPARTMENT 
SET mgrEmpNo = 'E-14'
WHERE deptNo = 'D14';

UPDATE DEPARTMENT 
SET mgrEmpNo = 'E-15'
WHERE deptNo = 'D15';

UPDATE DEPARTMENT 
SET mgrEmpNo = 'E-16'
WHERE deptNo = 'D16';

UPDATE DEPARTMENT 
SET mgrEmpNo = 'E-17'
WHERE deptNo = 'D17';

UPDATE DEPARTMENT 
SET mgrEmpNo = 'E-18'
WHERE deptNo = 'D18';

UPDATE DEPARTMENT 
SET mgrEmpNo = 'E-19'
WHERE deptNo = 'D19';
