INSERT INTO DEPARTMENT VALUES('D0', 'Sistemas', NULL);
INSERT INTO DEPARTMENT VALUES('D1', 'Administracion', NULL);
INSERT INTO DEPARTMENT VALUES('D2', 'Contable', NULL);
INSERT INTO DEPARTMENT VALUES('D3', 'Marketing', NULL);
INSERT INTO DEPARTMENT VALUES('D4', 'Soporte', NULL);
INSERT INTO DEPARTMENT VALUES('D5', 'Recursos Humanos', NULL);
INSERT INTO DEPARTMENT VALUES('D6', 'Mantenimiento', NULL);
INSERT INTO DEPARTMENT VALUES('D7', 'Produccion', NULL);
INSERT INTO DEPARTMENT VALUES('D8', 'Ventas', NULL);
INSERT INTO DEPARTMENT VALUES('D9', 'Juridico', NULL);
INSERT INTO DEPARTMENT VALUES('D10', 'Financiero', NULL);
INSERT INTO DEPARTMENT VALUES('D11', 'Comercial', NULL);
INSERT INTO DEPARTMENT VALUES('D12', 'Logistica', NULL);
INSERT INTO DEPARTMENT VALUES('D13', 'Control y gestión', NULL);
INSERT INTO DEPARTMENT VALUES('D14', 'Compras', NULL);
INSERT INTO DEPARTMENT VALUES('D15', 'General', NULL);
INSERT INTO DEPARTMENT VALUES('D16', 'Almacen', NULL);
INSERT INTO DEPARTMENT VALUES('D17', 'Internacional', NULL);
INSERT INTO DEPARTMENT VALUES('D18', 'Calidad', NULL);
INSERT INTO DEPARTMENT VALUES('D19', 'Inventario', NULL);
INSERT INTO EMPLOYEE VALUES('E-0', 'Alejandoro', 'Mora', 'Carrera 29 - Bis 23', '27/10/1997', 'M', 'Jefe', 'D0');
INSERT INTO EMPLOYEE VALUES('E-1', 'Bartolo', 'Castro', 'Transversal 11 - Autopista 18', '21/3/1996', 'M', 'Jefe', 'D1');
INSERT INTO EMPLOYEE VALUES('E-2', 'Bartolomé', 'Garcia', 'Avenida 10 - Autopista 22', '24/4/1988', 'M', 'Jefe', 'D2');
INSERT INTO EMPLOYEE VALUES('E-3', 'David', 'Arboleda', 'Carrera 22 - Piso 5', '18/11/1975', 'M', 'Jefe', 'D3');
INSERT INTO EMPLOYEE VALUES('E-4', 'Daniela', 'Castaño', 'Carrera 11 - Calle 29', '17/10/1979', 'M', 'Jefe', 'D4');
INSERT INTO EMPLOYEE VALUES('E-5', 'Carolina', 'Cardoso', 'Transversal 20 - Piso 18', '24/9/1974', 'M', 'Jefe', 'D5');
INSERT INTO EMPLOYEE VALUES('E-6', 'David', 'Gomez', 'Diagonal 1 - Calle 2', '22/9/2003', 'F', 'Jefe', 'D6');
INSERT INTO EMPLOYEE VALUES('E-7', 'Striven', 'Castillo', 'Transversal 27 - Bis 6', '28/10/1972', 'F', 'Jefe', 'D7');
INSERT INTO EMPLOYEE VALUES('E-8', 'Bartolomé', 'Cardona', 'Transversal 29 - Autopista 4', '6/11/1976', 'M', 'Jefe', 'D8');
INSERT INTO EMPLOYEE VALUES('E-9', 'Andrea', 'Mora', 'Diagonal 19 - Bis 13', '13/7/1971', 'F', 'Jefe', 'D9');
INSERT INTO EMPLOYEE VALUES('E-10', 'Carolina', 'Cortes', 'Transversal 10 - Piso 12', '2/11/1983', 'M', 'Jefe', 'D10');
INSERT INTO EMPLOYEE VALUES('E-11', 'Sebastian', 'Castaño', 'Diagonal 11 - Calle 11', '2/5/1975', 'M', 'Jefe', 'D11');
INSERT INTO EMPLOYEE VALUES('E-12', 'Andrea', 'Ordoñez', 'Transversal 20 - Autopista 28', '20/7/1977', 'F', 'Jefe', 'D12');
INSERT INTO EMPLOYEE VALUES('E-13', 'Bartolo', 'Hurtado', 'Carrera 19 - Autopista 20', '6/1/1975', 'F', 'Jefe', 'D13');
INSERT INTO EMPLOYEE VALUES('E-14', 'Sebastian', 'Ortiz', 'Transversal 20 - Calle 13', '15/10/1981', 'M', 'Jefe', 'D14');
INSERT INTO EMPLOYEE VALUES('E-15', 'Valentina', 'Castaño', 'Avenida 23 - Calle 21', '20/2/1970', 'M', 'Jefe', 'D15');
INSERT INTO EMPLOYEE VALUES('E-16', 'Isabella', 'Gomez', 'Carrera 20 - Autopista 15', '6/7/1974', 'F', 'Jefe', 'D16');
INSERT INTO EMPLOYEE VALUES('E-17', 'Bartolo', 'Castro', 'Carrera 4 - Autopista 2', '16/3/1967', 'F', 'Jefe', 'D17');
INSERT INTO EMPLOYEE VALUES('E-18', 'David', 'Garcia', 'Carrera 16 - Piso 6', '20/2/1983', 'F', 'Jefe', 'D18');
INSERT INTO EMPLOYEE VALUES('E-19', 'Andrea', 'Ordoñez', 'Diagonal 22 - Autopista 22', '2/9/1970', 'M', 'Jefe', 'D19');
INSERT INTO EMPLOYEE VALUES('E-20', 'Jesús', 'Carillo', 'Carrera 1 - Bis 8', '19/1/1994', 'F', 'Maquinario', 'D8');
INSERT INTO EMPLOYEE VALUES('E-21', 'Carlos', 'Castaño', 'Transversal 28 - Piso 17', '23/5/1979', 'F', 'Operario', 'D17');
INSERT INTO EMPLOYEE VALUES('E-22', 'Bartolomé', 'Castaño', 'Transversal 12 - Piso 21', '17/8/1992', 'M', 'Operario', 'D9');
INSERT INTO EMPLOYEE VALUES('E-23', 'Jesús', 'Cardenas', 'Transversal 16 - Calle 1', '2/6/1972', 'F', 'Operario', 'D12');
INSERT INTO EMPLOYEE VALUES('E-24', 'Bartolome', 'Castillo', 'Carrera 6 - Autopista 4', '13/11/1974', 'F', 'Maquinario', 'D17');
INSERT INTO PJCT VALUES('PROJ-0', 'Publicidad', 'D19');
INSERT INTO PJCT VALUES('PROJ-1', 'Importar', 'D1');
INSERT INTO PJCT VALUES('PROJ-2', 'Exportar', 'D13');
INSERT INTO PJCT VALUES('PROJ-3', 'Exportar', 'D2');
INSERT INTO PJCT VALUES('PROJ-4', 'Expansion', 'D17');
INSERT INTO PJCT VALUES('PROJ-5', 'Franquicias', 'D5');
INSERT INTO PJCT VALUES('PROJ-6', 'Franquicias', 'D1');
INSERT INTO PJCT VALUES('PROJ-7', 'Franquicias', 'D10');
INSERT INTO PJCT VALUES('PROJ-8', 'Crecimiento', 'D3');
INSERT INTO PJCT VALUES('PROJ-9', 'Crecimiento', 'D14');
INSERT INTO PJCT VALUES('PROJ-10', 'Franquicias', 'D6');
INSERT INTO PJCT VALUES('PROJ-11', 'Publicidad', 'D9');
INSERT INTO PJCT VALUES('PROJ-12', 'Franquicias', 'D16');
INSERT INTO PJCT VALUES('PROJ-13', 'Migrar', 'D19');
INSERT INTO PJCT VALUES('PROJ-14', 'Revision', 'D14');
INSERT INTO PJCT VALUES('PROJ-15', 'Exportar', 'D16');
INSERT INTO PJCT VALUES('PROJ-16', 'Crecimiento', 'D14');
INSERT INTO PJCT VALUES('PROJ-17', 'Migrar', 'D10');
INSERT INTO PJCT VALUES('PROJ-18', 'Exportar', 'D8');
INSERT INTO PJCT VALUES('PROJ-19', 'Franquicias', 'D18');
INSERT INTO PJCT VALUES('PROJ-20', 'Expansion', 'D11');
INSERT INTO PJCT VALUES('PROJ-21', 'Migrar', 'D4');
INSERT INTO PJCT VALUES('PROJ-22', 'Crecimiento', 'D1');
INSERT INTO PJCT VALUES('PROJ-23', 'Exportar', 'D19');
INSERT INTO PJCT VALUES('PROJ-24', 'Franquicias', 'D5');
INSERT INTO WORKSON VALUES('E-2', 'PROJ-0', '28/10/2013', '64');
INSERT INTO WORKSON VALUES('E-15', 'PROJ-1', '8/11/2018', '79');
INSERT INTO WORKSON VALUES('E-2', 'PROJ-2', '13/11/2017', '63');
INSERT INTO WORKSON VALUES('E-7', 'PROJ-3', '22/4/2011', '57');
INSERT INTO WORKSON VALUES('E-4', 'PROJ-4', '23/5/2015', '69');
INSERT INTO WORKSON VALUES('E-0', 'PROJ-5', '14/9/2020', '58');
INSERT INTO WORKSON VALUES('E-3', 'PROJ-6', '7/5/2020', '3');
INSERT INTO WORKSON VALUES('E-14', 'PROJ-7', '24/11/2019', '111');
INSERT INTO WORKSON VALUES('E-3', 'PROJ-8', '15/3/2020', '41');
INSERT INTO WORKSON VALUES('E-1', 'PROJ-9', '24/5/2019', '41');
INSERT INTO WORKSON VALUES('E-15', 'PROJ-10', '18/1/2014', '99');
INSERT INTO WORKSON VALUES('E-18', 'PROJ-11', '26/6/2018', '32');
INSERT INTO WORKSON VALUES('E-2', 'PROJ-12', '18/10/2011', '5');
INSERT INTO WORKSON VALUES('E-15', 'PROJ-13', '6/10/2018', '88');
INSERT INTO WORKSON VALUES('E-7', 'PROJ-14', '18/11/2019', '104');
INSERT INTO WORKSON VALUES('E-17', 'PROJ-15', '26/8/2015', '91');
INSERT INTO WORKSON VALUES('E-10', 'PROJ-16', '23/1/2015', '65');
INSERT INTO WORKSON VALUES('E-10', 'PROJ-17', '7/4/2014', '61');
INSERT INTO WORKSON VALUES('E-4', 'PROJ-18', '7/7/2019', '63');
INSERT INTO WORKSON VALUES('E-6', 'PROJ-19', '23/5/2012', '137');
INSERT INTO WORKSON VALUES('E-5', 'PROJ-20', '23/3/2018', '85');
INSERT INTO WORKSON VALUES('E-4', 'PROJ-21', '25/10/2014', '119');
INSERT INTO WORKSON VALUES('E-5', 'PROJ-22', '10/8/2013', '91');
INSERT INTO WORKSON VALUES('E-14', 'PROJ-23', '15/11/2017', '112');
INSERT INTO WORKSON VALUES('E-14', 'PROJ-24', '16/4/2012', '26');

UPDATE DEPARTMENT 
SET mgrEmpNo = 'E-0'
WHERE deptNo = 'D0';

UPDATE DEPARTMENT 
SET mgrEmpNo = 'E-1'
WHERE deptNo = 'D1';

UPDATE DEPARTMENT 
SET mgrEmpNo = 'E-2'
WHERE deptNo = 'D2';

UPDATE DEPARTMENT 
SET mgrEmpNo = 'E-3'
WHERE deptNo = 'D3';

UPDATE DEPARTMENT 
SET mgrEmpNo = 'E-4'
WHERE deptNo = 'D4';

UPDATE DEPARTMENT 
SET mgrEmpNo = 'E-5'
WHERE deptNo = 'D5';

UPDATE DEPARTMENT 
SET mgrEmpNo = 'E-6'
WHERE deptNo = 'D6';

UPDATE DEPARTMENT 
SET mgrEmpNo = 'E-7'
WHERE deptNo = 'D7';

UPDATE DEPARTMENT 
SET mgrEmpNo = 'E-8'
WHERE deptNo = 'D8';

UPDATE DEPARTMENT 
SET mgrEmpNo = 'E-9'
WHERE deptNo = 'D9';

UPDATE DEPARTMENT 
SET mgrEmpNo = 'E-10'
WHERE deptNo = 'D10';

UPDATE DEPARTMENT 
SET mgrEmpNo = 'E-11'
WHERE deptNo = 'D11';

UPDATE DEPARTMENT 
SET mgrEmpNo = 'E-12'
WHERE deptNo = 'D12';

UPDATE DEPARTMENT 
SET mgrEmpNo = 'E-13'
WHERE deptNo = 'D13';

UPDATE DEPARTMENT 
SET mgrEmpNo = 'E-14'
WHERE deptNo = 'D14';

UPDATE DEPARTMENT 
SET mgrEmpNo = 'E-15'
WHERE deptNo = 'D15';

UPDATE DEPARTMENT 
SET mgrEmpNo = 'E-16'
WHERE deptNo = 'D16';

UPDATE DEPARTMENT 
SET mgrEmpNo = 'E-17'
WHERE deptNo = 'D17';

UPDATE DEPARTMENT 
SET mgrEmpNo = 'E-18'
WHERE deptNo = 'D18';

UPDATE DEPARTMENT 
SET mgrEmpNo = 'E-19'
WHERE deptNo = 'D19';
